Y,T,e_hat,theta,X1,X2,X3,X4,X5,X6
-0.22030533869977087,1,0.5644527152345017,0.5394748997445621,0.28304762765787017,0.795902171831254,0.25727645803163635,0.8059428792561585,0.21211419210914417,0.8459949558809492
2.1149453030069543,0,0.34539302349661755,0.370832872632783,0.343229873531113,0.39843587173445294,0.9734656118580455,0.20056349243980842,0.8841215423175675,0.5064660182562675
0.9562161416562223,0,0.5951402586357163,0.6067418978462634,0.31720724292880187,0.896276552763725,0.36144662352472956,0.2928803411621207,0.5056419361574852,0.06881305219636613
-0.056631354425391134,1,0.690778096065554,0.5900843616550324,0.8660817552667687,0.31408696804329617,0.2585671655527345,0.6737667917762918,0.5635031051277326,0.03650619067241312
1.2716971030634046,1,0.676133288477728,0.6570056834406538,0.4523902772136613,0.8616210896676463,0.21797047505249,0.3206525301636901,0.546037220803678,0.8465759198224401
4.082359448426368,1,0.8203498732087379,0.7649913147296323,0.7270361565272129,0.8029464729320517,0.0762300270052857,0.47706083420039236,0.17969014518201842,0.616383285581398
-1.4123843099290712,0,0.28564283222342235,0.3292910190787522,0.3790704081729551,0.27951162998454926,0.526474552164538,0.020247013030584293,0.682513904496894,0.09012806165495679
2.603355729446121,0,0.5147956150938804,0.43104874981101876,0.718271289076741,0.14382621054529654,0.3670231520819819,0.6832122046992337,0.32576787527632567,0.7114063520831774
1.8745825673162355,0,0.5495773563065264,0.4824476552906671,0.7940295078416624,0.17086580273967178,0.4735957303592575,0.05950379188974553,0.23832743919761956,0.14074131967615888
0.5602933958572134,0,0.22206300669363643,0.19727893064130936,0.32448772893628963,0.07007013234632908,0.5670282554897605,0.8045056729109759,0.22834418145313407,0.3991382786263086
0.5214066044344281,0,0.3065130154028305,0.3608354605817308,0.018257913888494515,0.7034130072749671,0.6172666122017595,0.7192417038553284,0.550212000160656,0.3288109536665407
1.2769717217851222,0,0.48259788233317547,0.41964716074538,0.5539672991653534,0.28532702232540663,0.9585146898042254,0.5924733648073598,0.3626999989030242,0.18726005205405405
2.48223399529911,1,0.5416488357899966,0.5098799998615489,0.5959754741166932,0.42378452560640456,0.6996116556468598,0.08830868440622797,0.48587195431381647,0.013041439504109853
1.2895873290096107,0,0.521547115924709,0.4391999964839063,0.8429893064717253,0.03541068649608725,0.08334873274894494,0.5408173000728351,0.26070047947859865,0.13820575002261815
1.7222641163323151,1,0.6687556441010395,0.6209286330407915,0.5319668840955054,0.7098903819860775,0.41250499336973656,0.37589905262398593,0.27021668529254816,0.24086410065580788
3.6905132609805396,1,0.761869567495126,0.7042689213929605,0.5582246063304532,0.8503132364554679,0.7104891551642156,0.6538562733905922,0.7669915104530429,0.6606154229581874
0.9887761923396416,0,0.20234962288337363,0.23657544131284258,0.04061078340659263,0.43254009921909253,0.4605174969085981,0.7607201017729233,0.42711837867741953,0.2290226251133899
4.650297279648944,1,0.8237825172232628,0.6938252238657309,0.9888225888351061,0.39882785889635564,0.92574806619618,0.9422387122299271,0.7843278153004152,0.2792248793173492
0.731361270283563,1,0.8203805239350684,0.7715194793786724,0.6039705072949072,0.9390684514624376,0.12594270084045256,0.8235567583832267,0.3850274965921322,0.7198768513995658
1.8614772827824886,0,0.17412020644274942,0.202875210130269,0.025456863973016164,0.3802935562875218,0.04151515909559489,0.9531489947202921,0.5448275255894771,0.83630282830422
0.5801583060144408,1,0.6433809112385033,0.53952195083624,0.6976032149936661,0.3814406866788139,0.5321847721323559,0.7153863940062439,0.21045407929979842,0.45806684019117505
3.3528390377769997,1,0.8392315122657977,0.7757893796339186,0.6809183488031557,0.8706604104646813,0.46780415676231135,0.940111477101118,0.4457328262295417,0.17990229548127845
0.5626640638178202,1,0.8354227969203628,0.7600872549350703,0.7938714275130128,0.7263030823571278,0.6747065933632618,0.38769871200642303,0.07286409301693486,0.012450129703381552
2.453901777011406,1,0.5128207210227506,0.43137433219780263,0.5241564825035449,0.3385921818920604,0.8268481968605842,0.8314769085478615,0.08963892130095197,0.20617547281455895
1.3279048422938278,0,0.2294046724630583,0.3111440368188543,0.02791497514565977,0.5943730984920488,0.8471000178800447,0.19100089741610848,0.9529684551355432,0.266128345351229
2.6254149923083014,0,0.5349485036246711,0.5409025076781379,0.2847299282782282,0.7970750870780475,0.8090020955851637,0.2763635077750266,0.7115130376920873,0.8878936399570283
0.4103323713391298,1,0.6386526109113108,0.5742901297507784,0.8742596207604533,0.2743206387411036,0.1303763618888304,0.27350373220104796,0.8086953136612681,0.15557061928300286
0.04542737581149481,0,0.331846765467762,0.29054368344622133,0.5515403353490006,0.02954703154344207,0.22326029508172596,0.7732563550244401,0.12176154051520771,0.38544854154498476
-0.22455883755434258,0,0.161586122453814,0.1503200935438313,0.09950056082962222,0.20113962625804038,0.8833676411214918,0.4284276447653269,0.08506777128598841,0.604549305079123
0.8470966587354065,0,0.3857924423588673,0.3604349083213411,0.3817083383059259,0.33916147833675636,0.3632106104161873,0.9005039911363995,0.22240953745696834,0.48460605099735676
2.448952858223775,0,0.4230603833640777,0.42850169460561716,0.21473462655330988,0.6422687626579244,0.4375178956817115,0.7878800273024569,0.32282216021289833,0.5972755279301208
2.557557449212789,1,0.8153428233608656,0.735485863297989,0.6055170958763227,0.8654546307196553,0.5178481609895068,0.8585584265642068,0.11576600682526783,0.685278389530284
2.7842787518562977,0,0.17851453697263553,0.16869028987174794,0.15554266174621711,0.18183791799727878,0.5214574547077508,0.8950331433090298,0.2714629129111673,0.08931380530311084
1.8670273541336118,1,0.5061579167479328,0.45482483382118205,0.5528874862998827,0.3567621813424814,0.25582462342225165,0.6296356183071665,0.26329756059038234,0.8574347523953486
2.1252530081622436,1,0.543020573770602,0.4671956612321749,0.7154725456438524,0.21891877682049732,0.016319259256137086,0.8378841003352274,0.5310840289091501,0.9526935680348997
-0.28892694211905123,0,0.21285317433938483,0.25670288460535484,0.1887494965805585,0.3246562726301512,0.038644432850870936,0.42163194593092357,0.2701311709267529,0.09043821120716122
2.497948228576601,0,0.5928803122459297,0.5403855553750858,0.536570578751524,0.5442005319986477,0.42216038586901017,0.8352976832205857,0.8545184651679076,0.801379431131757
-0.5789887953344282,0,0.20831745615890634,0.22302909858571762,0.22713100089505311,0.21892719627638213,0.4621862850402,0.39695662117359976,0.3632538510243638,0.9077732964570614
2.5825359078886327,1,0.13353740363681393,0.1551659019765544,0.13641329710501848,0.1739185068480903,0.00027579377967290597,0.6153492836468487,0.9478349700042644,0.6728271671220466
2.1691271221437507,1,0.6033732185116314,0.4638750769002282,0.7400778942677623,0.18767225953269417,0.8917729132779169,0.9143642332321533,0.185302673497743,0.8634669072154512
-0.0211715764358813,0,0.31048980625527567,0.3589987819578883,0.2960706436180909,0.42192692029768575,0.5185990635869269,0.039754756935826197,0.5406219306984554,0.40007622774096663
1.7339236484317915,0,0.18580906333977154,0.23559742806495665,0.19089248629279343,0.28030236983711987,0.48090733593589396,0.0324893780888722,0.6544735244299401,0.41879267435894507
2.7153115479689323,1,0.7456097575338253,0.7031682667422502,0.5754418444636045,0.8308946890208959,0.3684157612126857,0.44143513373936394,0.5725154630835899,0.3986170490148423
2.472041468489906,1,0.8611223050641129,0.8293939728914026,0.7282336030998994,0.9305543426829059,0.797620423721009,0.3849543973113664,0.5797910275126362,0.11772314717620935
1.430545738365483,0,0.8727323148644576,0.7873674501726787,0.8639924308714536,0.7107424694739038,0.8160650386167179,0.9303239361055722,0.5334139187921851,0.7698439710336898
0.042719562976381464,0,0.2007692665508344,0.26301571673723506,0.17391710176957653,0.3521143317048936,0.14124544058991617,0.43536617449819504,0.874381223887139,0.09255094304343092
-0.1530737261736712,0,0.3256327875582691,0.3991964205209635,0.18473613732800798,0.613656703713919,0.07346300158723318,0.2658064365522075,0.5030249647941403,0.17984825506588353
2.8694488822189768,1,0.8678220922677787,0.8164261348922384,0.9102378772061078,0.7226143925783689,0.6949605413735979,0.54847132650766,0.9608695398407561,0.5623259741226636
1.7858728021473287,1,0.738813871061224,0.7027111789632703,0.743784048622302,0.6616383093042386,0.11774410221480314,0.08367104157306893,0.7413008339437883,0.527845909709294
0.22797492290724547,0,0.9080676318454027,0.9191913586071288,0.9507430019090177,0.8876397153052398,0.5920095852974301,0.22001644375128593,0.8710470612157415,0.3960011822183238
1.6629704428269607,1,0.8644097272395503,0.8569091685631277,0.8215738712862285,0.8922444658400269,0.03360898979382798,0.35842358198695723,0.7510935707035418,0.298368524452555
1.5305670214220644,1,0.7986971753826725,0.717158217481041,0.9417536080893356,0.49256282687274644,0.8497929865856546,0.0759376901905986,0.8489985889869954,0.5984227691965763
3.7144077447418655,1,0.5693180800126381,0.5573995582674904,0.3621363573611479,0.7526627591738329,0.2406455407046001,0.5417404878787875,0.3945571131933484,0.5012182173069158
1.92326970525744,1,0.8837411973947826,0.8675417801720493,0.9707994012696378,0.7642841590744609,0.11396942796247989,0.45677534180460966,0.9001738716880303,0.2648637873577143
2.547770487952263,0,0.6708851739429987,0.5430917108427786,0.8950330791395188,0.19115034254603858,0.9797639095004276,0.6274410869687939,0.7889786266844551,0.4680525357712151
3.003602753171263,1,0.7048121503303765,0.5924894187015906,0.7990145453974921,0.38596429200568905,0.2597083373155509,0.8931355016263549,0.3843534965367482,0.3536880479168496
-1.4242388316704424,0,0.36045136658781335,0.3111547120515308,0.5930730602133044,0.029236363889757144,0.5591488997048649,0.6260324853497604,0.42587846431639464,0.9986574393677445
1.6310868822162379,0,0.932496117327416,0.9571256430747218,0.9804669264188152,0.9337843597306285,0.7115488604962277,0.6224533101922307,0.8326076191267309,0.46093076712928105
0.14783691861471082,0,0.3419990500223997,0.4090816315773889,0.20614299894819466,0.6120202642065832,0.03196327919580921,0.6707320636523175,0.9547656858821653,0.16075711381865454
1.2652970488936375,1,0.8851760880400346,0.8623280138250804,0.9311126512112081,0.7935433764389528,0.10994803719205204,0.385638165660219,0.5051239861909688,0.5254504775808339
3.811824581699713,1,0.6800528771745583,0.6230814256028328,0.6079752885781106,0.638187562627555,0.16173779960526835,0.915624638763295,0.9074342002849132,0.40593769041858063
1.6753650001151312,0,0.2726934463355063,0.2950350909233825,0.4277832392884815,0.16228694255828346,0.19553359567146467,0.45513427567826614,0.7762710962570144,0.4982761478644816
0.5517509537639874,0,0.5086025133966141,0.5338810241548023,0.21225759239068143,0.8555044559189232,0.005994702924451811,0.38243376896767933,0.158861091179337,0.9013079732888152
2.6829468868240287,0,0.6211082528644832,0.5871987419182482,0.24225946492423478,0.9321380189122616,0.8335580586622684,0.9189745601864201,0.6111536612904843,0.5757580946340435
2.190146989334736,0,0.6400764915213838,0.5892102834913584,0.25722294307319093,0.921197623909526,0.9499450292039796,0.8790221456035645,0.34693153980556435,0.5651409580235627
1.7026353946889068,0,0.34174509869505204,0.3005374355930353,0.4359607066080521,0.16511416457801853,0.6158875107758656,0.9175259011142801,0.39578705572507067,0.9460971305580207
0.38160242293440794,0,0.227326973554116,0.25437750077958676,0.30883817305998906,0.19991682849918446,0.3165998620219711,0.033011565637353635,0.154065767715018,0.6391709178692266
0.4399714272573163,0,0.5546293596204175,0.4745451007977158,0.6508380589096034,0.2982521426858281,0.8115194056971342,0.7053278878166274,0.6686629514466239,0.4978240927398191
1.95395069876876,0,0.545308887236911,0.5178657646598732,0.4842896214626492,0.5514419078570972,0.580262187216109,0.4923503656738163,0.7257316309876327,0.5324761462788121
0.37761612995834537,1,0.53147856648593,0.5052034324737235,0.48369493726168333,0.5267119276857636,0.955030026532428,0.2394249687521508,0.8222130765609629,0.8627949582140025
1.3897411253395378,1,0.7399447093320425,0.6227264014612253,0.9676410440016776,0.27781175892077303,0.637162672231087,0.4030313447499265,0.7220255780911988,0.8395086105100261
2.439019772464768,0,0.2187442655314077,0.3005340707518526,0.021482162866471866,0.5795859786372334,0.11625534629228984,0.6849944251065166,0.8974738499185746,0.06677338832456292
1.840688756774853,1,0.5881924043361124,0.5436544875790033,0.4818469425902243,0.6054620325677823,0.3515094675723889,0.3522055327771185,0.07962529658202377,0.8177330023271651
-1.1294460704941542,1,0.39420736412891605,0.3875707284113333,0.4889210663384512,0.2862203904842153,0.25404279265970076,0.6414204117631013,0.8042043997865471,0.9437267238299165
2.679792240271728,1,0.6690266643619485,0.525672279197593,0.8574571126661874,0.19388744572899852,0.9756413888161489,0.9375316827186293,0.7388382632634175,0.6913652865067976
2.721255961591239,1,0.45472464709798005,0.46578689851321486,0.3107573891146864,0.6208164079117433,0.15616726460253216,0.942039990435452,0.8067607639649782,0.3230131311185611
1.6680489372888228,1,0.7112051143011375,0.6385693736050986,0.6589967664336152,0.618141980776582,0.6181350972301587,0.6347691646555276,0.7610088399938574,0.34355594752033436
1.2262761758366383,1,0.5121087727271324,0.5365836308331389,0.14352210751797234,0.9296451541483053,0.9490130924665942,0.2921196307587779,0.5780812136162652,0.5675652061546144
0.27312090440333103,0,0.5698174700408059,0.47027721546205326,0.8795457321116454,0.06100869881246107,0.32925430702188074,0.7183531029855551,0.6987306929931195,0.40311762589541844
0.8582310637257153,1,0.21776741220095042,0.20336384651763623,0.381481030154177,0.02524666288109545,0.03475102102490535,0.6377968191556416,0.02360581041950005,0.51680908630893
2.4965557936358036,1,0.3869539205742968,0.4516674138199987,0.3229602425142738,0.5803745851257236,0.18560484914665953,0.017192132925357817,0.7323799021010952,0.2848304035135173
-1.073647381882153,0,0.40943595147359585,0.4576227581396145,0.026736710782874873,0.8885088054963541,0.8539065919101547,0.11769757167471773,0.008182465831507058,0.48212375331731816
3.3470536446686374,1,0.8781612597552371,0.8044424529603836,0.9591665438065005,0.6497183621142668,0.4399030551343366,0.9909137443045218,0.7546434930683685,0.6344245427074602
0.5439318095498353,1,0.5095199475569392,0.41782975925763177,0.7358216966270793,0.09983782188818424,0.9638555950461487,0.31226902661647993,0.3211933446009182,0.9148091898343417
1.0012972093177817,0,0.3270406358736671,0.3244407227675084,0.40854329755122054,0.24033814798379627,0.7893147884991668,0.5759359618079055,0.7949084514401911,0.5114841104707905
2.777318982115853,0,0.5870931256380852,0.5747057393601622,0.17606071359582043,0.973350765124504,0.817575884488104,0.354659199066955,0.06221546263075539,0.82333288851657
1.4178593119811311,0,0.212267995597319,0.2560683279552649,0.32097969478450716,0.19115696112602265,0.35087322737943516,0.14424038596893662,0.9068652517217967,0.668895810438927
2.2204750616041116,1,0.7337214108813163,0.6755383470077093,0.5861636439582067,0.7649130500572119,0.9307243359977031,0.2340121215604557,0.6058104189967315,0.6416560944650321
2.009193588331459,1,0.649308303131188,0.623911389626197,0.39912174797299405,0.8487010312793999,0.826604007374149,0.34877260876912786,0.8290688520822568,0.9751914075362402
3.713850551382406,1,0.6974333102160644,0.6524461005283583,0.31452355328175663,0.9903686477749599,0.9052655694581772,0.9623414194195636,0.8056642616868342,0.5021279796507697
1.5636533276218332,0,0.19678850303094847,0.17105699821559978,0.3139273322276296,0.028186664203569967,0.9071618654656859,0.591845243484237,0.2996970519795198,0.0522777825315206
1.84511101525972,0,0.8961044822829785,0.9136234304501836,0.9245317646092136,0.9027150962911537,0.04298598621619332,0.2457774721976872,0.9261764619259645,0.7040234253201869
2.1987004987475416,0,0.597636008824167,0.5020190229037664,0.8103268268681758,0.19371121893935717,0.74128633837353,0.648278742381265,0.9297755429452433,0.5453795544436402
1.6668029719449151,1,0.7200099106100765,0.5923980881747574,0.9549559488954739,0.22984022745404087,0.3196337147872056,0.5613124420669264,0.2932887200577169,0.5626774358770259
0.5012855395646143,1,0.7257048949108514,0.6648329179448486,0.6384644942441944,0.6912013416455027,0.5106840715429023,0.4115382359031273,0.5897660102052366,0.5804655920230571
2.882110498587324,1,0.4519571750177933,0.4946485268706757,0.3239058784889912,0.6653911752523601,0.2879143578454968,0.23583824499453565,0.864629298309922,0.6216068613415914
0.9196138332107616,0,0.2617011926958415,0.33718097717234247,0.01771302122171947,0.6566489331229655,0.13516681439563738,0.39425403891515354,0.25448850800325795,0.46261919402374385
3.107303834852822,1,0.8469283771389284,0.7758428387269278,0.7589413111775707,0.7927443662762851,0.3050224589587396,0.8597703461582444,0.2508333432347414,0.39833160145662994
-0.08338249513331597,1,0.6436546671731348,0.5234702974207992,0.8132240347265347,0.2337165601150637,0.7761108745895419,0.5713488598093097,0.38121443439171376,0.634166876836105
0.1822829976676017,1,0.7593969024508975,0.6926410568547468,0.835538883026903,0.5497432306825903,0.5466295612082804,0.14039063293840037,0.9110329941791455,0.9437020548504766
0.3438388629701652,0,0.6361699685241835,0.534838388587846,0.7646418099365001,0.305034967239192,0.20494747962560855,0.8753157765030782,0.5093599560749946,0.7164486946277547
-0.8298562759131745,0,0.5672632218349236,0.4590120427619323,0.8404446619528332,0.07757942357103143,0.6913733334565372,0.5912938605581839,0.6287001154787125,0.8670318750066229
1.4172493048337458,1,0.7796571221409624,0.6830238655312653,0.7978709463485982,0.5681767847139323,0.7585528299068267,0.222273889885376,0.1863594053105304,0.7654530550533333
2.7434319519122803,1,0.6933343489519435,0.6494974567605203,0.4136264485322092,0.8853684649888313,0.7393135484264385,0.3556295073449065,0.1605932564920649,0.19786395517770916
1.1356770725553633,1,0.6432936133010678,0.559814122066583,0.6343549535724211,0.48527329056074486,0.8136293507509783,0.26426865984073233,0.1098223006352802,0.4864936011418737
2.864795362101454,0,0.5483533022954442,0.5580264498977952,0.23884152252452984,0.8772113772710605,0.06032525787736165,0.3961778380717904,0.027378086817497316,0.6969161075383468
-0.8947690815394405,0,0.13867449783109417,0.11922092010525087,0.02260883469230557,0.21583300551819617,0.9249084585599023,0.6477466110803995,0.2662136548615094,0.46592095363382136
1.155048875339938,1,0.6412405325259346,0.5818310018347796,0.40830595532157576,0.7553560483479834,0.5850816473371606,0.6084080042895664,0.04656007294834896,0.6185681675886874
2.008724548492804,1,0.6763934665099711,0.622005706590581,0.6099864061245129,0.634025007056649,0.6926110706125675,0.2091418271146961,0.6386808922837408,0.8036265404434525
1.6082247875942302,0,0.27941178108256953,0.3073304099646974,0.20292869508978595,0.41173212483960886,0.767906075108764,0.3427352277710479,0.38908071131096267,0.5381515857153407
1.1625756847497175,0,0.13046865834880605,0.12116772055122077,0.16495714646718662,0.07737829463525492,0.34358248737351305,0.753664132711221,0.9022835562735056,0.6566067061262804
0.3230730435426232,0,0.24527963506355094,0.25617056263148946,0.43255787236418786,0.07978325289879107,0.30446598543915215,0.4514241548409995,0.5875539300493028,0.0702562951909188
4.089362309917692,1,0.3990045906636858,0.3898822032111945,0.43982151391435376,0.3399428925080352,0.8723409649388508,0.45605836749536877,0.7706170881766631,0.4621757972571551
0.9053310678678388,0,0.48175571171181836,0.40919735926002954,0.7398852928903176,0.0785094256297415,0.8650904371742322,0.312348337662807,0.5501194482293786,0.6682994402810727
3.148924010016601,1,0.5734781321539383,0.5246020500822384,0.7171206411275441,0.3320834590369325,0.22369018655760553,0.5311782522519513,0.8836635144825952,0.30036778346667725
3.561658616363254,1,0.8032296287609146,0.6925015032058297,0.9419042615963019,0.4430987448153576,0.7707696174958509,0.3772310099088736,0.359586066659622,0.3311649043555017
0.6661168198081207,1,0.41616283517886693,0.3938812937598439,0.38990132848667125,0.3978612590330165,0.14562382465956536,0.9761053169682431,0.35713381977996805,0.7173539718904252
0.5137529770136531,0,0.23128136145032485,0.20810382732770272,0.3589810992554393,0.05722655539996613,0.6915840093560736,0.6766225611524812,0.2089720919776712,0.06353965108856141
4.687356808604106,0,0.32563677494985116,0.31474224699593495,0.5158569813797513,0.11362751261211856,0.051433871087152916,0.9682703832853097,0.7144361765669064,0.029560092218092637
0.30169532875033267,0,0.2791001043186792,0.2449239538047856,0.4487213202481384,0.04112658736143282,0.8540012311357421,0.6405709834046865,0.45710652906975824,0.7957760340665522
1.5852405056814969,1,0.850650844173605,0.7875722820846339,0.7952928755152657,0.7798516886540021,0.7877685325316792,0.35574428442856687,0.29365191410121483,0.3235343986599253
1.1724922751452034,1,0.618975841022931,0.5379976247002274,0.7274734675716567,0.3485217818287982,0.767998300812542,0.4747401548388265,0.7976410187064087,0.616196579705794
4.306958862211562,1,0.7306748242174292,0.6759940531578998,0.4038797966591211,0.9481083096566787,0.9707661507368457,0.366900382390254,0.24488221399904342,0.914869402187575
1.702328760928966,1,0.33247855337206234,0.39051372174583954,0.08211658782940479,0.6989108556622743,0.43906201388029953,0.20436333573848497,0.10968642167297604,0.6507571850442792
-0.821034785017739,0,0.298876274413787,0.378584226562715,0.0647717523878224,0.6923967007376076,0.35209790514998185,0.4580289381736984,0.757219651311874,0.3683373146455051
2.2188237126759263,1,0.8481236428390776,0.7555358236882801,0.9849650158733548,0.5261066315032054,0.7249301229235133,0.1284016045742683,0.0687245060797873,0.4808400411104865
1.0058305426999112,0,0.3729581656002204,0.34773906544848016,0.6515932147886917,0.04388491610826861,0.0851085178434502,0.36786102369694873,0.20257142647094117,0.10586672039901945
1.157217047917428,1,0.5474592239014066,0.5375823713751229,0.2083186353724038,0.8668461073778418,0.5193805824001555,0.8807551998229793,0.4394218496718475,0.3304412305439731
2.554926281150623,0,0.6699677333118222,0.5625879589243736,0.908210391761804,0.21696552608694342,0.8037476838538601,0.1847768247942999,0.7053952005600724,0.996599056935493
2.6681104205343207,1,0.4513365682741374,0.5092170372360225,0.2877681696855452,0.7306659047865,0.05825352624868263,0.059145920428798515,0.5526240164872064,0.40139349423245274
2.772334291321211,1,0.9008630255815164,0.8854215731873889,0.7787101882880577,0.99213295808672,0.9762247786530407,0.285297917393607,0.24134517849483716,0.37822718892994434
-0.11906424859019882,0,0.39895108881167124,0.44717811640510324,0.10155144037009911,0.7928047924401074,0.6329717341657897,0.4862941432091419,0.5833790806639361,0.48054798918989905
0.10597256893683138,1,0.8887800670904403,0.8294495846600498,0.9719495134837958,0.6869496558363039,0.1540720875985898,0.6022757970996068,0.0891973410504815,0.7634350651029638
0.48821394308493493,0,0.7448355127065791,0.6846772407390305,0.5934223268649008,0.7759321546131602,0.43419888113998106,0.5314053288727676,0.41874725420066095,0.4447586423559693
2.1745668941560896,0,0.9173478451476812,0.9125266018051323,0.9446343427794014,0.8804188608308634,0.015849655430603793,0.8645865968911522,0.48126850501640794,0.7376731995228848
2.141979894677506,0,0.8544725751464455,0.8085192886821752,0.7121289488892156,0.9049096284751347,0.2534795498618153,0.6380435215733344,0.09989629739532224,0.09887689806754008
2.011938677492469,0,0.674984930875944,0.5239914997409525,0.8278859223825343,0.22009707709937054,0.4446969153884083,0.9885152079591215,0.060153327451537786,0.9813214560461646
1.3870650103578144,0,0.6806315609572205,0.5728666101673296,0.967942955888784,0.1777902644458753,0.9110129344378066,0.2226410472977295,0.9323545846236551,0.3849677856399113
1.2102593762680196,1,0.6767283658266919,0.624021744368253,0.524207730069876,0.72383575866663,0.2728560578320375,0.8169927794025643,0.67675948925593,0.5430412820644115
2.574812569563857,1,0.6834291420420818,0.6537868275190477,0.5312114420858676,0.776362212952228,0.11799881027778969,0.31784920745316303,0.3971498078668154,0.431852127105555
1.5777110448834046,1,0.6289385644239621,0.554342323000036,0.7227538463741412,0.3859307996259309,0.996254493872863,0.08169279642664384,0.6508706916886365,0.6726584787085933
2.559623119261528,1,0.6186078013386255,0.5773777647732733,0.5622511929303772,0.5925043366161694,0.7618486680444028,0.16502609374284405,0.48555943329937934,0.023312363879485876
0.12781170035715572,1,0.8709536900750658,0.8045701898862548,0.848255384782711,0.7608849949897987,0.40755309399962947,0.8482723718255664,0.2890361560449821,0.16927109225933823
0.8504288501615377,0,0.36226688343013064,0.4134945247852954,0.08900149276127245,0.7379875568093184,0.24920779032649598,0.6193131999851492,0.2643842459939637,0.2111616526747021
0.37607512377079,1,0.35399876702710864,0.34475208457810763,0.3416598752387141,0.34784429391750116,0.9578695022228533,0.7061409051414138,0.796050283016311,0.7716417277286639
3.3002147115748253,1,0.8144888984656465,0.7361129028222533,0.6826697001409929,0.7895561055035136,0.1129608181887165,0.865021775043138,0.0390647982518596,0.5037804723957966
2.7274941964426636,1,0.8487439269571287,0.7874969424431673,0.8504313092477337,0.7245625756386007,0.9450854469935169,0.39710431713690764,0.8467838130567501,0.45123370348710956
1.8939608091035733,1,0.7573334672364789,0.5786098498789131,0.949403032778577,0.20781666697924916,0.9891177304192161,0.9171821013129973,0.10558585530334019,0.7338468089979799
1.0673055909218971,1,0.7327081058200504,0.6171468401402174,0.8412695337609517,0.39302414651948314,0.16455048153671437,0.9676990825932009,0.4019777684469823,0.2251038067239045
1.191490105919605,0,0.9260135625624554,0.9258028858759304,0.9217928671992417,0.929812904552619,0.5016048471881107,0.9174520615026589,0.6685699226071355,0.891241226679263
-1.262459758789144,1,0.36719156701575245,0.3839934665327217,0.24063668271556438,0.527350250349879,0.6209214906276295,0.2225658100781056,0.003068453780478708,0.6604089145123317
1.5059186291779212,0,0.16869500226375247,0.1931862506774461,0.09908597745532077,0.28728652389957143,0.35149238214872947,0.42291081445020295,0.2555612790747426,0.3571796865465512
0.9212808903125178,0,0.4854657663317071,0.4438539544263575,0.6472969057675549,0.24041100308516006,0.28918663052469396,0.31506735661849894,0.45255755390798214,0.9603512304332745
3.9337150425871945,1,0.635745081360352,0.6170218739055696,0.42251934293871285,0.8115244048724264,0.23035100541161924,0.5805142382052105,0.7679450592870474,0.8516167074030304
1.2747900236396528,0,0.7212810263761419,0.5873829439962805,0.9807789146434301,0.19398697334913095,0.6970928001637712,0.7611697465850207,0.8601377015282777,0.44936847382031697
-0.4521533540742073,0,0.2515884666298371,0.25516234792425313,0.4630295348385849,0.04729516100992137,0.5685625883520026,0.043084719057894794,0.19047438761670965,0.011340794462690318
0.8693879390001757,0,0.3027246868017471,0.3149451269614056,0.4364670009908441,0.19342325293196705,0.3271487824053734,0.46574834076318505,0.6203384524698299,0.33810660448798613
1.2228981463458746,1,0.9223095132181194,0.9649718020419247,0.9879251384504855,0.942018465633364,0.35630183011260985,0.14158745678212958,0.8877212617458572,0.6128195904348881
0.6359801189369707,0,0.35173025675738656,0.3651993455827295,0.6313098390209403,0.09908885214451868,0.14002140166561916,0.14687966265603147,0.8380855213095229,0.3071188974697001
2.919157558627335,1,0.7199975037252403,0.6448645382284335,0.6448766317067006,0.6448524447501663,0.8592340594106808,0.4037508576101593,0.49246565193760306,0.15088406655134456
1.6888585597689993,0,0.4313054237864163,0.44358396718811005,0.15649122081820044,0.7306767135580197,0.32482918359469193,0.9864078772976994,0.36783678559485045,0.35941558751367864
-0.04978922751666226,0,0.39281839570720833,0.38430563500364423,0.5710810170937849,0.19753025291350357,0.8478286121590505,0.06446153802626053,0.6929052082902084,0.25784799398875236
1.7047983180687414,0,0.1379031301298189,0.1448344917680639,0.2874378770498588,0.0022311064862690078,0.41275310585547975,0.056426291293738884,0.7624502787550919,0.687454053781005
0.9882566158465043,0,0.7075773521690336,0.6651996242934352,0.4817830935781221,0.8486161550087482,0.583192574017265,0.04834855298769103,0.023500547778908976,0.6820071995240785
1.8272459669887773,1,0.6623623360522415,0.6027064997016998,0.9336692025465873,0.27174379685681227,0.10776780295807797,0.03403126815563984,0.8245787859192966,0.09145783339971092
0.5212800227493102,1,0.3420847271023438,0.2962675710857826,0.5259212857816543,0.06661385638991091,0.9669848725276954,0.47427396618125073,0.21005781002306723,0.30165091665886157
2.3830024593475865,1,0.9139280576578485,0.9213414986901175,0.890269604056557,0.952413393323678,0.5723562476356714,0.38535588733667525,0.6320014023966688,0.8724325242944304
2.9546648261167197,1,0.6917391595266548,0.6051825305040635,0.43696022447124183,0.7734048365368851,0.71212213273645,0.8404836981303648,0.04431203043418119,0.8696798630172655
-0.5913807406000235,0,0.23325803412949972,0.20358519067265451,0.3483002417777359,0.05887013956757314,0.3961551043703958,0.9371958231055688,0.05183716210165823,0.02080548532901616
2.298007183782355,1,0.5926957868965417,0.5461515090417615,0.41803547260971663,0.6742675454738063,0.9036645954789952,0.7445881080746465,0.7081998714179047,0.26237592116701125
2.6282677989596044,1,0.763011626788154,0.5974388433172098,0.9712425083541675,0.22363517828025192,0.6764241035773115,0.8331526974360156,0.06354512809149238,0.7237635763609579
2.960092882245976,1,0.5308394030299453,0.5000933315344653,0.361749257560811,0.6384374055081198,0.8661180018753136,0.9981747463392833,0.9921772635290621,0.24261794237291112
1.5397309288588867,0,0.23775321212403977,0.2601279700350363,0.2903262131352129,0.2299297269348597,0.41815325653584123,0.6124745710969729,0.7671227384218897,0.4953152677353584
2.86333218377962,1,0.8347944787905696,0.730249818823502,0.9459160008861803,0.5145836367608237,0.6063418085740804,0.6314545744696873,0.44674645013704595,0.6596651546584308
1.3979170548198177,0,0.48290367949510016,0.5231303968524036,0.22836284972532106,0.8178979439794861,0.6033265706972066,0.27062673192861564,0.7449477741713424,0.1935325487924887
1.6437986940183444,1,0.7785613779049365,0.6759829507596347,0.8235688897092107,0.5283970118100586,0.746667188292351,0.5124383174020051,0.39998872218907733,0.25454806264286567
2.967657524366644,1,0.6810627230365829,0.6579253516659254,0.46807626996938645,0.8477744333624643,0.20766548040567334,0.47531127320206445,0.6813839699050712,0.7205931982323999
1.4671541672370303,0,0.18753102431888038,0.15005247392648663,0.26106523300153905,0.039039714851434204,0.9010542849670345,0.8233023543372713,0.1862912337513687,0.01152504837677204
1.900216947454341,0,0.6590387086804973,0.5351061549433098,0.911637655119519,0.15857465476710064,0.33493529478507733,0.9740607387730197,0.659852265747805,0.01364057659604967
-0.14578781824736442,0,0.11134488504781823,0.09680281408255498,0.17459621023727256,0.01900941792783739,0.10120827379212038,0.07950455341530116,0.21080301335458773,0.9299590584574565
0.6338551366697486,1,0.48960665246160817,0.39361703959087646,0.7017663625432671,0.08546771663848585,0.7746494635755494,0.7850147791011425,0.22399620149596655,0.010096255899717299
0.7954058087209175,0,0.0953472387752808,0.04750933740159913,0.06799569278974371,0.027022982013454544,0.4899697080534001,0.4768976482219066,0.16980753919099467,0.053992413820305285
3.274648523735495,0,0.6025664991968367,0.49974381594244155,0.6808268739600211,0.31866075792486204,0.7801705649921127,0.6667668088562351,0.40125777169270105,0.9299360204514133
2.067504749144049,0,0.4883545661244845,0.40916687473986096,0.5184243516573516,0.29990939782237036,0.9239257027692945,0.9393815275721058,0.3072788572627836,0.2779247541727621
0.28156550077656406,1,0.5659014522597222,0.49161280160701143,0.6535282572011553,0.3296973460128676,0.5903396419428,0.2977892424814276,0.09598114947175451,0.5768823653682242
0.11614974638853615,0,0.30421138109483753,0.361900858396157,0.05694484601324157,0.6668568707790724,0.589670230521383,0.7600099587771454,0.8767998978723782,0.5221786577544948
3.0383389873954307,1,0.6358604996527344,0.5345404826543139,0.7455082347520091,0.3235727305566187,0.481294847650533,0.5152924526292493,0.27555210405748853,0.9651257846247959
1.2683480613331317,1,0.8094935272670913,0.780090580105034,0.7297297663653013,0.8304513938447667,0.40405142735076316,0.14826916623884123,0.9175735698882971,0.997103464323625
2.376054842450566,1,0.5238215460121531,0.48290219656304856,0.5886886514042589,0.37711574172183826,0.6900719659272573,0.11021543477676732,0.3936732954154236,0.7143213367365548
2.2688453262262533,0,0.8788309170229016,0.8669967641622416,0.7375946289323603,0.9963988993921229,0.14868214333855778,0.9015317803577214,0.8389807260617009,0.3354158249314806
1.0369723713890673,0,0.590939299167873,0.5219013686169113,0.7502422063465731,0.2935605308872494,0.858399391283739,0.32668402491369397,0.9395554948537804,0.37874790902722844
0.23748347588294083,0,0.3518827009560871,0.34602254696008083,0.26065050263274503,0.43139459128741664,0.9261714646113763,0.5769085820593818,0.21197668545535664,0.3430295727058813
0.8526261954898682,1,0.451900860751373,0.43292777000628485,0.4890511439508517,0.376804396061718,0.7852789984632507,0.022991023790254528,0.20393530232670432,0.49935869794571774
1.6810204374721522,0,0.4227298977108029,0.40339897846095973,0.5558752649542349,0.2509226919676846,0.13545329880246804,0.9004377898785542,0.9440515577775929,0.4517345528215304
1.4769262903563944,1,0.6237219423589407,0.5599606943810136,0.5870714618139302,0.5328499269480971,0.944681472400374,0.23196088111175073,0.5840236787056692,0.9669400557737198
1.3711509994318074,1,0.8795722127067768,0.8197709343942556,0.7852839174274447,0.8542579513610664,0.5876416150206799,0.9643097116352193,0.3999319154110973,0.45971701622995687
2.1473163333917524,0,0.3310355533725385,0.4165313058472942,0.0663137126410206,0.7667488990535678,0.16203878855601894,0.30637801177231794,0.45464587270164925,0.1960095460156812
2.5016342416393478,0,0.21042164011287526,0.212491059628254,0.02637112569627509,0.3986109935602329,0.930210955534688,0.8361460671259482,0.14413800982623004,0.4376619147639078
2.5179358812028876,1,0.7149100749219859,0.6201820068652035,0.634994890131269,0.6053691235991381,0.24702831813390824,0.9346239898462195,0.17824086807346728,0.39306206734756055
1.5836055744580761,1,0.1896659250928663,0.27174822360756606,0.0693401367149965,0.4741563105001356,0.3821479161311301,0.11514039561471123,0.9954612140945632,0.6984177561253212
2.4025660630413,1,0.5651721741489428,0.5376800365938095,0.396685550187177,0.6786745230004421,0.2453128048975921,0.5216809549391136,0.15212329749315612,0.6077528251599945
1.0596621080425335,0,0.4711439246357455,0.39214809943166323,0.6998005366848613,0.08449566217846516,0.30762075294462865,0.565973645084298,0.03533812257011648,0.8166730390370633
2.577972017104953,1,0.4193475378866125,0.39855381558932274,0.526913391358236,0.27019423982040947,0.8020570644848999,0.31983895497324355,0.6030469707122736,0.3336797963988236
2.7484737751039963,0,0.464104257014778,0.43108934642541735,0.42477342845415733,0.4374052643966774,0.2928715286015776,0.8895866117745828,0.46324496059986453,0.9320078292959998
1.768758431071072,0,0.647528546699549,0.48407542600393727,0.9676811374234572,0.0004697145844173578,0.9397988346632106,0.9954731388189595,0.705980985946314,0.6047373185003769
1.7523407135019293,1,0.3888421034803945,0.33037206179604556,0.6273858205184087,0.03335830307368237,0.2023209014915034,0.8752539899531048,0.2387736929316836,0.47182017406216803
1.8873436394199334,1,0.44386145639916313,0.48478924268197493,0.19592802868527093,0.7736504566786789,0.5280628456642394,0.332052905464304,0.4892718516694382,0.09036733619638015
-0.7746914282971922,0,0.14185254276053058,0.08981989460792,0.12463150819389968,0.05500828102194033,0.6028280726968948,0.9533839128248476,0.0716067355141965,0.9572043196876692
0.8138218217442674,1,0.6329712048954419,0.5789177522473246,0.5507733585761444,0.6070621459185046,0.5941532671859986,0.5166824232216313,0.5870768915793975,0.4417520433935652
-0.40861915694215956,0,0.38982648697108946,0.43209148312735607,0.31838100862520113,0.545801957629511,0.12907626317383414,0.5187203485162561,0.825122888841393,0.34897882771842537
-0.31484427243544943,0,0.3372013939567671,0.4446405499503014,0.021760564404458282,0.8675205354961445,0.3887248954632334,0.051665616765679934,0.7239059328049045,0.3453721007360293
2.626226523512766,1,0.6689756146970944,0.5970410567799891,0.517056885644182,0.6770252279157962,0.9212715607974851,0.7466595146316202,0.6476367441227601,0.2937885118358877
2.514406945476892,1,0.8749865086625489,0.8267684183337227,0.7246599095708418,0.9288769270966035,0.9327389281541094,0.8293932336639395,0.7524861233159872,0.6465642684218973
3.9469909839848927,1,0.6705478291465159,0.6005916453817072,0.4874375994602611,0.7137456913031532,0.6693868632373963,0.6183919579751475,0.31248990613598404,0.8784637949549037
3.096038099127302,1,0.8659163862534972,0.8049480749938083,0.9647865010507378,0.6451096489368788,0.9569062306584752,0.08072753308450309,0.4893595186742351,0.14222694524451995
1.7661880957564002,1,0.6864412068226008,0.586864494992328,0.6594927153511162,0.5142362746335397,0.7829448486208852,0.5212039876398943,0.09259845804217559,0.20808366958771352
1.21884671077289,1,0.4800860172480522,0.43466119068932096,0.5699647080477378,0.29935767333090413,0.18131845270183455,0.8088050664951139,0.48568550684531453,0.5616790440997618
1.942825532613508,1,0.6036288494351906,0.5203918223402478,0.7063162101563728,0.33446743452412286,0.2772548745302462,0.9947878013565421,0.7670200157667103,0.29742506692828174
-0.12227800324962712,1,0.1604725425243686,0.15598795627290157,0.21505296443972965,0.09692294810607349,0.9177276796846668,0.36384167202278905,0.740947362683182,0.7877828761684165
1.021968389496382,0,0.3585014684525963,0.4181911273320656,0.05148767747189842,0.7848945771922328,0.7063192198591813,0.44885514106393,0.49851153589709996,0.1122115694948721
1.1607778833024338,0,0.3365320002360418,0.37234456670059723,0.009502714036034976,0.7351864193651595,0.6689869081765292,0.6459196334242912,0.08833114124104713,0.5917242696760373
2.532622013961683,0,0.12320700926755036,0.15325288103900214,0.13958781674132525,0.16691794533667903,0.22989180735435666,0.2469566014162098,0.9448606304710894,0.03799061763812772
0.5406381242853545,1,0.31496310601322514,0.321460363636038,0.5007029188551981,0.14221780841687792,0.06971490924991086,0.3347809204466152,0.22213623034449337,0.03630748696125907
1.496801460481254,0,0.26888354393433195,0.32806856391777217,0.032074060929137116,0.6240630669064072,0.022478500561246895,0.5679328508444743,0.15398114208892966,0.926229673643369
1.0587971661020583,0,0.12729909404304152,0.12774762282273544,0.06730935381579894,0.18818589182967194,0.45126474943920036,0.5821122997628451,0.66857415162356,0.620878652129385
-0.5365146436103259,0,0.6785392125489551,0.5940284183526722,0.6045458044733529,0.5835110322319914,0.6185641959055761,0.46130204248909235,0.06221776879460539,0.46953323124730706
3.1960464002371562,1,0.8492698311982387,0.7840765488462631,0.8767946628216828,0.6913584348708434,0.4300768944316248,0.2143284368836077,0.21017622877437314,0.8784323898339137
1.6764420539521239,0,0.47675164123561986,0.46118682725956434,0.46138961703642234,0.46098403748270633,0.7150971355769101,0.055494193501962275,0.18999913782250277,0.3728691807048091
1.206822228800449,1,0.9068007840961828,0.8709710024473334,0.9605919212227039,0.781350083671963,0.3221062912794461,0.7380404069621446,0.2099540362585851,0.2081187056527285
2.2677657649774385,0,0.45904171295467017,0.37809782266603104,0.49956650631688704,0.25662913901517503,0.9826913539382444,0.9275944236103334,0.20021219319950656,0.507674685745874
3.2413961296670917,1,0.8813490854590835,0.8357990651711379,0.8703022446951576,0.8012958856471182,0.09151786364582193,0.827351901071786,0.3751400468430909,0.4590743562249824
1.8317679003897438,1,0.5628183974872424,0.5136008866957671,0.4397167408782303,0.587485032513304,0.20989445731309797,0.8855801774534002,0.3010522723050407,0.7556809454604897
1.9787620922146243,1,0.7640299699691503,0.6851467078729756,0.8459561841479876,0.5243372315979637,0.010470574792663778,0.16118672341002782,0.049416867265832165,0.6346942942484564
1.4538017726484451,1,0.7696082793403319,0.7129385224769992,0.8117106842040406,0.6141663607499578,0.05480784562776342,0.5679317442283776,0.9089859634406844,0.21724752958232862
1.2980660698530313,0,0.2342761754426229,0.32657369425389104,0.015618229295211505,0.6375291592125706,0.3176437272331639,0.024349358395705734,0.5219551008550383,0.7663105741573141
3.2200951416872816,1,0.8703258674231419,0.8310018459058859,0.7116312543400323,0.9503724374717394,0.10311011679274251,0.9257561805337647,0.40927540593463363,0.8963049175979783
1.5379460026432377,1,0.7659428518319371,0.634330946288579,0.816224455695537,0.45243743688162097,0.8929364556919608,0.9307661694038323,0.6070939072221309,0.80160537096962
-1.2979577601205476,0,0.2828370213638029,0.32224057236788844,0.1833436665329955,0.4611374782027814,0.6515498963418342,0.36930687079236113,0.39888501100570795,0.16126286722077188
1.3065021864727882,1,0.7002820150234272,0.6775154175995122,0.6622926920287662,0.6927381431702581,0.26142028623187774,0.05757918367644621,0.8023973178034101,0.14825995130076308
0.6280975833404402,1,0.296597448415151,0.32628114706896283,0.22719729190959814,0.4253650022283275,0.7999397584566846,0.30666917878822153,0.5028705149929246,0.585952974308221
1.370250971807157,1,0.3923207531359634,0.4240138549652006,0.24242710403898748,0.6056006058914137,0.4568315366975131,0.22217835748127746,0.2956041749283659,0.7892725510759138
-0.36424751456727483,0,0.9129526097908739,0.9115164968470789,0.9476171024093052,0.8754158912848526,0.49247435336504564,0.06560695749624068,0.049453064623175,0.4239465184065787
1.3696643373218766,0,0.7680684681813914,0.6942371225408475,0.8188621475664779,0.5696120975152171,0.31452924080657607,0.2599731108964056,0.44782820458430006,0.5343599430497411
-0.9194559141439418,0,0.09935572109852876,0.06774239073507449,0.04494214440076383,0.09054263706938515,0.6487897366315591,0.2967829518417795,0.24538126536339433,0.09165590453460148
0.4186957850384753,0,0.13106101225339745,0.16097086560931517,0.06025818767819291,0.26168354354043744,0.3190043891316112,0.12332529302868545,0.5996342739882652,0.940300454913007
-1.0091857696789144,0,0.6289516208362912,0.5662372767564239,0.5876235314624388,0.5448510220504089,0.29571565107172226,0.5689745229944461,0.3479767135197913,0.616160681986556
1.4565715797205023,1,0.5858473888056495,0.5312845697574231,0.40084141532264983,0.6617277241921965,0.4838088746366115,0.87236735080084,0.1294279847887293,0.058583881539918004
2.409895764667031,0,0.4054114066155302,0.42148245646377,0.06912148333764334,0.7738434295898967,0.8734449565088235,0.6632077842037926,0.06718560173308763,0.14733903427802186
1.9806755205955469,0,0.5253372910822672,0.5031267068777621,0.14815749482038898,0.858095918935135,0.972296856274621,0.9674915040748685,0.2965103131110979,0.0060227295919828006
2.695232511995841,1,0.5805204034367706,0.5465040118982526,0.48573912827107735,0.6072688955254278,0.5291913901490337,0.648518468465417,0.7754433752977142,0.3129094543877544
1.4674945945158475,1,0.7248954748987906,0.6444067634997626,0.916952055792968,0.3718614712065571,0.040314841229109555,0.4684010151235568,0.8081310091585825,0.3287804251011136
2.552545555605292,0,0.6058813082575616,0.5342869188790249,0.3838495475188023,0.6847242902392474,0.710184828431383,0.8475114729651609,0.09976525621287635,0.8439215755864646
1.6369950357186462,0,0.5463181806782369,0.5594060379898838,0.2968750693122457,0.8219370066675218,0.6714019284655686,0.36324910109720454,0.939733503956695,0.8334111077839762
1.8981967201888579,0,0.8879560119632176,0.8498839685323163,0.7757322752770659,0.9240356617875666,0.4046581153231834,0.8287687487971568,0.20643561556176226,0.14108359210919674
1.3436833926955867,0,0.7084470696701343,0.6405576322763936,0.6264309585096738,0.6546843060431135,0.42556202336372273,0.7425613688394077,0.8469582612241936,0.8521042050758625
3.296439930032883,1,0.7857317046238268,0.7238160217295712,0.6094350194123693,0.838197024046773,0.32038797058916013,0.6836696436777728,0.31667880397133064,0.4016182764158246
1.891324123861032,0,0.19858461839546826,0.17490818017040116,0.33902022767875184,0.010796132662050484,0.7157631974617209,0.623798640803016,0.4218632261678962,0.5137807766907809
1.6589882966596892,0,0.16760798392258316,0.18362753027330703,0.12222653936020367,0.2450285211864104,0.40808119162924095,0.6746073861814945,0.7221669414633242,0.9302633796378841
3.421061246239376,0,0.39032885721950167,0.37309348515660395,0.432176474833996,0.3140104954792119,0.6631340497630759,0.4888073348080646,0.3302263225024705,0.35383751971113375
1.2375800212471118,0,0.39726228789400975,0.38563595989798516,0.6442592623295694,0.1270126574664009,0.007960023101080904,0.03527429618220801,0.05897536655940505,0.25031611990103486
0.6299373029158989,0,0.3950712535471737,0.4632489661847686,0.24855014782875562,0.6779477845407815,0.12431995695287723,0.1673854581214781,0.659302690900946,0.234007889063641
4.269039447676467,1,0.7409250625043444,0.7138900871202596,0.5371056150929054,0.8906745591476137,0.7503401434028074,0.13269769392852016,0.7464643877465336,0.3616676809103314
2.110273993823014,1,0.41940535683062524,0.43719070360714485,0.09957137540787764,0.7748100318064121,0.4228915263480746,0.9928263096517652,0.3469898362414926,0.38401518944422275
2.377989710953306,1,0.3999676487211649,0.4343928577589392,0.11622424489869376,0.7525614706191847,0.6979037023291532,0.7231131955756728,0.5847507107165264,0.06860153634866861
1.9485915318102822,1,0.5100669482408524,0.4408526297427116,0.6581561766146845,0.2235490828707387,0.9473422603782894,0.4941019066946779,0.7441188965521459,0.7678610281940274
0.9455174219363633,1,0.24406065066119723,0.33925535829729103,0.1531654094284398,0.5253453071661423,0.11861239027145065,0.08390086080383241,0.8041493296455979,0.062290930999417404
2.7786005798747655,1,0.865743856610927,0.857221348159199,0.863499755702201,0.8509429406161969,0.609689312657598,0.03146605619679688,0.9894042659546775,0.30174788000322916
0.9315738290969516,1,0.6459791938452799,0.6381739549560889,0.40682296231399595,0.8695249475981818,0.6096644627345561,0.197945271056591,0.6077683369493728,0.05642948899011879
0.7056185759323486,0,0.5514249772005457,0.54014578307751,0.2297174065983224,0.8505741595566976,0.4950402251717634,0.6809452717629809,0.15666745353957745,0.1540755391902352
2.8758042170447555,1,0.7532750015903634,0.6501801555051153,0.5505733054243385,0.7497870055858922,0.846445679159702,0.9717084428359053,0.1356926803145605,0.3053263905772702
-1.0269741732559203,0,0.3919284863292686,0.39283418214402405,0.7215304935963905,0.06413787069165755,0.061861146971253334,0.0369216749042397,0.8958499888284138,0.8504581845913948
0.4559060962045809,0,0.26623667010432833,0.3222565702721646,0.059491975306442235,0.5850211652378869,0.37901199164109545,0.6044773189952977,0.6065361699107193,0.953504670838643
-0.3096639284932985,1,0.31420159659292574,0.3231573773901113,0.556862443557185,0.08945231122303765,0.43953030211280975,0.18559480416141072,0.7091044241133985,0.1642658892620621
2.7274303787470604,1,0.5577318143868754,0.476928242424677,0.8299011115217091,0.12395537332764495,0.43516450467731227,0.32095258638098323,0.5174850307205773,0.5625806616108768
0.61690587165964,1,0.20498690909763131,0.20005917359071368,0.21100456498580422,0.18911378219562314,0.3187614334382112,0.9495904927382856,0.4880189508070468,0.9932795202212593
2.0690707108342576,0,0.49988362023200394,0.5092889092948084,0.19852810684204936,0.8200497117475675,0.9049459436802495,0.839388252418427,0.9974542584032413,0.16659193567217867
2.0502617363877906,0,0.29138413545019604,0.23608964440917168,0.4354211730108162,0.03675811580752719,0.8720128492589883,0.850313818735209,0.0025044531466485997,0.18307749631533354
2.489899362592243,1,0.6162101282136371,0.564297491675048,0.7099209792150873,0.41867400413500855,0.041977195633560505,0.4610139346636112,0.7433428240854797,0.7899429417704567
1.1172028497974467,1,0.5151921513482801,0.5167200050733975,0.2998220272695532,0.733617982877242,0.832912171611406,0.2190254391829406,0.46920301735251246,0.6059810915317094
3.002494504086501,1,0.7659876916647596,0.7148671817870496,0.7606515734887813,0.6690827900853177,0.025017609558985465,0.3804489464465364,0.7277448515174336,0.8000345522101417
1.2015481808524981,0,0.18157240805576047,0.1991530994198234,0.1091133102078038,0.289192888631843,0.25376712424004333,0.6719619951158947,0.37283396070855546,0.9145768241221832
3.6919434068375794,1,0.7428501696529939,0.6202606387359899,0.9009563325996381,0.33956494487234157,0.9202299031583171,0.28907975975828193,0.23257206818254095,0.1418236756575868
2.6545022205664717,1,0.6253257017443004,0.5512536372253882,0.7043202329599277,0.3981870414908488,0.22918660714620265,0.8375572421535651,0.9544438184976619,0.9841034369198528
0.6426716614149794,0,0.38797220251469644,0.41802252293192294,0.14704519083786027,0.6889998550259856,0.8733713158041604,0.09820695762552933,0.07990190143705733,0.7475553169849491
0.39470849194664126,0,0.7192216798640043,0.6555292656563563,0.624266326358018,0.6867922049546945,0.308020345187929,0.47182200460886436,0.4382013610369685,0.864830711086761
2.075191910978357,1,0.7682498810882417,0.7453471843607506,0.6613260561835573,0.8293683125379441,0.13000476002096695,0.316553146269563,0.9460676909101464,0.5725471625591687
1.8875033481953705,0,0.38992951989109853,0.40693351314453896,0.5342764009443873,0.2795906253446906,0.19364148115470303,0.07678483237988065,0.683686603893986,0.8084567324677416
4.092980787934956,1,0.8433401272612606,0.773653881279172,0.8479500947696987,0.6993576677886454,0.8477071981805862,0.41982102119880127,0.7537791111782969,0.8086803109892013
3.7988083524299605,1,0.6468833233071424,0.5695636035840921,0.5589314476789364,0.5801957594892478,0.8636395516995709,0.8517975779895111,0.8486042434377307,0.6156143100040062
2.24318351499572,1,0.7194656785597086,0.6772939387192746,0.3984983676871259,0.9560895097514233,0.13841170957116,0.8109503689082436,0.20096923852796467,0.4019659801062273
0.021686271225015652,0,0.24600604751444005,0.27577189943787184,0.2760687683520252,0.27547503052371847,0.023012942463818353,0.5901285749366671,0.4562418212203655,0.584983953975735
0.03284359869583864,0,0.4428530411460238,0.43719085847072076,0.39255747915099815,0.48182423779044337,0.7697811011838706,0.38925844561952305,0.6718470403228777,0.7812136296419506
0.02382674331437662,0,0.13302985645195986,0.11729438056385649,0.10832447159057434,0.12626428953713864,0.6816308134927512,0.8762738438140507,0.8351308087689774,0.22015523562774852
-1.002677078435772,0,0.17457403800530255,0.1946755951145815,0.26962744841612896,0.11972374181303402,0.5704013699090187,0.411275453266186,0.930686441764816,0.18997433144835596
1.944630351357007,0,0.12226884920827233,0.12214046146334534,0.05402371033523823,0.19025721259145245,0.648493776118206,0.596861559255738,0.7663736354203489,0.015103147337596212
0.7129654425833296,0,0.5950288830800609,0.4834071899220674,0.8672023470702397,0.09961203277389508,0.08555126297021443,0.786723570021648,0.38814524770125747,0.816577814274463
0.7701754256391348,0,0.298285796859705,0.36243135440427915,0.045122611038938776,0.6797400977696195,0.6884116965513818,0.34786067859440195,0.6318212803294022,0.9251797622538808
2.177149196846387,1,0.7922354697369728,0.7094321206139216,0.8040133642071727,0.6148508770206703,0.30011216690254716,0.6897489323631645,0.6810493293728087,0.8664479993446748
1.6839723413294212,1,0.5772606918791606,0.5582394912654688,0.3368476783709434,0.7796313041599942,0.20052934514120935,0.6975504904337273,0.4203786852755409,0.8828203582826176
3.89956660803527,1,0.7142853278592001,0.6470641781062898,0.5241522036408758,0.7699761525717039,0.7284284647758543,0.9863579686752952,0.85711905577079,0.10151982647168423
2.332594142725899,0,0.3797800881263494,0.42280371966027996,0.02576422831414127,0.8198432110064187,0.8235124571272017,0.4637791525295295,0.297377082986238,0.6167901425504018
0.19322146381962302,0,0.4102833407676394,0.37298564324669176,0.5381777912204775,0.20779349527290603,0.8331348999742992,0.6347916317939559,0.8438195998597842,0.8900486569513472
3.002842202793372,1,0.7825856120534027,0.6690705939315331,0.7490139824228826,0.5891272054401835,0.9628780439669005,0.577091452739433,0.2336443762528968,0.7300255398330147
1.180109991633412,0,0.3780215176334555,0.36278699275693266,0.6132595629195117,0.11231442259435365,0.20164752262060315,0.36243696563562333,0.3911044328003773,0.05805574691560478
2.0051348959594266,1,0.7822270325293006,0.7227497521656285,0.562764851439455,0.8827346528918021,0.7364000193103694,0.7858998575914915,0.8907439890144571,0.8743504282057822
1.6191815258449975,1,0.8442801345241868,0.7383706719089771,0.797668752147076,0.6790725916708782,0.9997574971485275,0.7361887656079461,0.13144223379900943,0.4467721083098172
0.08341356757859808,1,0.6956282106449172,0.5873563256874322,0.7170018680154939,0.45771078335937054,0.527528606227931,0.9817156611301101,0.7108814358826249,0.9713284044735576
1.5528430577970744,1,0.47580837920884583,0.4563190059421872,0.6409709634684935,0.27166704841588096,0.383467653340148,0.11648601272383297,0.5330764594079104,0.16654853967928618
0.9701100888373428,0,0.2106589598808469,0.2550197884793926,0.18051023845794,0.3295293385008452,0.6991474240377794,0.10839129635816735,0.49540445300328784,0.1317527204198944
1.8483502849571534,0,0.3129719629254805,0.3494262695493443,0.28800598210820394,0.41084655699048467,0.9839853136654523,0.14901758137086085,0.8926426312827193,0.6539505991913045
1.925108983531691,1,0.8022800932893489,0.7187881807830406,0.7230119437434704,0.7145644178226108,0.520959829291105,0.994219896430267,0.6774438380689218,0.1325717337378367
2.3533865056518315,0,0.18971054358793069,0.22419467277809108,0.23217924711570015,0.216210098440482,0.45943935273376946,0.41620116756180103,0.8745702087570715,0.2597873841628856
0.7575955289236493,1,0.8010829612647807,0.7272806699487719,0.7544171399305832,0.7001441999669605,0.23735244509819575,0.603524911561614,0.4782834660053188,0.9982234264210427
1.4098205614275412,1,0.8739904285807557,0.8044297928223871,0.9237280138533148,0.6851315717914596,0.6475801539890685,0.6770434841310307,0.6743701810241426,0.9595332948828261
-1.4158946487003312,0,0.9130457921900977,0.9338485923161505,0.9790946625115621,0.8886025221207389,0.659302434240734,0.03961360178744877,0.9581342541015263,0.820130033566607
-1.8425191705980422,0,0.14335451779324662,0.1445688423688557,0.18008208169324502,0.10905560304446638,0.3629649796388853,0.16095282251122744,0.09190685006146182,0.415446034894841
3.3783629041607854,1,0.9037278619992479,0.8657769727297537,0.9595812472915692,0.7719726981679383,0.3986708672697802,0.5363788850412117,0.21115480284008092,0.7259786076597641
2.0980669967802115,1,0.5663004580650317,0.5231706260998372,0.5608414289811732,0.4854998232185014,0.9070186102389507,0.4723250302251878,0.8927433737557956,0.09416733940658673
0.2552258642122705,0,0.45291491500509706,0.39689337381669026,0.7479632781864863,0.045823469446894194,0.321546624122909,0.07648676480894145,0.06515846451330398,0.7708205458554129
1.9900177276047935,0,0.8621406399860291,0.8665553151943196,0.8287883982548545,0.9043222321337847,0.10843293045806324,0.13178115867190854,0.8392143976847116,0.15381063579426357
2.183444545387662,1,0.45872270308327895,0.42939359970710045,0.47597070297982813,0.38281649643437277,0.6136026177301269,0.34298592188057764,0.055368342863539644,0.018883148284152496
2.90252200593634,1,0.5067557476103602,0.41706730099272976,0.587600130594133,0.24653447139132656,0.9626408731093485,0.7451183947124494,0.19213005240041459,0.37106970422740393
0.6861071063093016,0,0.4387523828748097,0.33623444280200104,0.6648248959200145,0.0076439896839876065,0.9313143765725261,0.9476805227201415,0.20829727882036075,0.2758447400749725
2.8121883969376062,1,0.8115793419230066,0.7249226027698049,0.6750265922732364,0.7748186132663735,0.8757722344215831,0.7662109249048314,0.3955074915677691,0.3037460121899521
-0.4522233707279102,0,0.4438356012131983,0.49028979395439987,0.18246999948266474,0.798109588426135,0.11981639720172899,0.5146317206336507,0.6445938225353762,0.9012422395019005
0.3378196355887346,0,0.16393172786646892,0.16730604270456229,0.1361841557561413,0.19842792965298328,0.45747112859649963,0.9114906856601955,0.8831685523015439,0.8785153250573378
-0.0927949692967216,1,0.4199322320738537,0.3605589818842282,0.5479347500484979,0.17318321371995848,0.6870712207468418,0.628364840671808,0.11754228834047253,0.5341045290588892
1.1798905182658141,1,0.5011815784205745,0.4644390507428215,0.45723842743676024,0.47163967404888274,0.5129304944561921,0.7249491575984452,0.5214250304783759,0.6010336718129659
0.7179318036820093,0,0.9434200544467474,0.9642383702366106,0.936277372995459,0.9921993674777624,0.9927126442054117,0.541172347394481,0.042790968402892315,0.6467997288101563
-0.9966540226314973,0,0.1777111702129263,0.18611372834103673,0.1275387549049325,0.24468870177714097,0.5824914631733924,0.43386730142925223,0.2327604573632005,0.7983966225699339
0.14424911041959576,0,0.4274345392376097,0.4726173085001023,0.10693239508122254,0.8383022219189821,0.4392068940158651,0.6782870471250941,0.5810026084858515,0.1356541611583173
3.884868800510069,1,0.8041423811999038,0.714250406356738,0.7850504865854442,0.6434503261280318,0.26603686663029047,0.9404385450926168,0.6004568139031401,0.7237215865598592
3.9741760576789367,1,0.6039182664433685,0.5248110071703413,0.515539777082393,0.5340822372582897,0.6992442092670836,0.9944151589248501,0.588073483166344,0.6290897012997013
1.8942471298486931,0,0.12021579933866859,0.09375915795382095,0.1443622752491499,0.04315604065849199,0.763347720906603,0.35916034783255935,0.3490751907416938,0.06766739894425489
1.039741897096576,0,0.2593908707659551,0.25129778368363415,0.36199512766321207,0.14060043970405622,0.8698126321855453,0.3794321060394755,0.23791917319990774,0.06931673384576942
2.177870367157932,1,0.6075645415110418,0.5804026655320427,0.6399855333243567,0.5208197977397286,0.18998348083587857,0.28557816125931523,0.8642694816515312,0.5028714192453874
0.6381863481039429,1,0.8092544698186503,0.6950852265506856,0.8954137391397611,0.49475671396161014,0.621361637225817,0.5918944542606929,0.1149668726978369,0.11759533219210816
1.5186385667455502,0,0.1786994574222082,0.20347736349509515,0.2819458978209908,0.12500882916919953,0.11670877851015504,0.43733308603391075,0.6532002193389217,0.25580344696023916
1.6003731657255256,0,0.08865047510562947,0.031338701649864464,0.03193344266759468,0.03074396063213425,0.5119778659998029,0.9175402407723994,0.6794408145988756,0.050223002170789455
0.9771391294079579,0,0.28208656408490296,0.30428051203032125,0.13105781767115432,0.4775032063894882,0.4056742715295123,0.9731182129502911,0.4399608808535159,0.46838852475456294
2.2648750187345357,1,0.8718215250965315,0.7829504959743129,0.9999311220704835,0.5659698698781422,0.5981173565983103,0.579170703882908,0.36835112154989047,0.9006679220586721
1.766482201349786,1,0.504225433064967,0.47287845621582925,0.21687153596856446,0.728885376463094,0.8483068295621634,0.9931085508128971,0.39787859395674796,0.7018854138415997
2.1819773419909607,0,0.6201912112247525,0.5856416900542442,0.33701012966842525,0.8342732504400631,0.8296854785021839,0.80800883427958,0.9471649467618525,0.999556949916751
0.6721393010919554,0,0.34972581456329865,0.4104720259878283,0.02612926827384654,0.79481478370181,0.7376881534306962,0.7578601493849021,0.95263434124739,0.42303366328039926
2.2258101578281697,1,0.7449074376500454,0.6758782490875641,0.5434159881551955,0.8083405100199327,0.15032187345973813,0.983412828020526,0.3363940933828369,0.43678770656407684
2.359012229537789,1,0.765046995902702,0.7070027568299686,0.5426987855361854,0.8713067281237517,0.43097947710901363,0.7884571455943863,0.6289668877408201,0.8130751421624984
3.030949815387776,1,0.7388437532428349,0.6066876051987272,0.7472800862191183,0.4660951241783361,0.9223481351739539,0.7611210845828058,0.08084371600936346,0.32535603289960857
1.0038695039058423,0,0.12525486994288265,0.1199936069190109,0.19529739846588545,0.04468981537213634,0.18438564895945275,0.2985612394507906,0.531607947843545,0.9039158303754338
2.0972911578696616,1,0.7126892131919532,0.6035557109329133,0.8189598879701944,0.38815153389563206,0.5112186680097605,0.409754498521518,0.22448520598908706,0.7415614286348735
1.8463105912869033,1,0.46387381587470833,0.5133284601316279,0.2248269414621601,0.8018299788010957,0.871824003590484,0.05683747174919063,0.9955466267342595,0.6579180271483667
4.896178381587438,1,0.6977231740927718,0.5745209902124626,0.6634033747050871,0.4856386057198381,0.9301808375101316,0.859880649730645,0.23255822681586225,0.5434427245016564
2.455216056110802,0,0.25533886621527746,0.30474168707334043,0.18930993586066347,0.4201734382860174,0.042640584713621754,0.6263168064011316,0.715780736810248,0.9605001915001997
0.04292678529008187,1,0.8495771890252879,0.7729355177565354,0.9835071996805099,0.5623638358325609,0.927728611802419,0.3135407881074571,0.9757793945246345,0.8134187299032257
2.3479115593822293,0,0.7347710641091862,0.5760945133991762,0.9807018803478573,0.1714871464504949,0.9917275098906176,0.857819802418052,0.6884873434472331,0.5993137304728099
3.728868283383475,1,0.8257470777527427,0.7457885411520164,0.825237430031698,0.6663396522723348,0.6075399817817939,0.6886387564755833,0.7854350393050207,0.7939871983471534
3.6172767215639685,1,0.7547970637640851,0.6755633008646886,0.7022711980089569,0.6488554037204204,0.19172184608803744,0.8607065274953901,0.7245544192138818,0.9629764002713272
1.6734900154241712,1,0.7535401749436281,0.6887315613895362,0.8002697147065351,0.5771934080725372,0.5352205134615596,0.11249446219320436,0.6889224542030913,0.5871543222774052
1.2224561253035564,1,0.30785604639099334,0.3088122399401548,0.437056330156094,0.18056814972421553,0.3812901759181824,0.5866528352639749,0.631330026544487,0.5759648646623454
0.5849732055798134,1,0.762925348876071,0.6975885173722007,0.8782259877170311,0.5169510470273703,0.32652454616093207,0.1327457416859551,0.6923799520815397,0.28040294714762115
-0.41376489790081594,0,0.2746153262534779,0.33056922175608316,0.28589898992981067,0.37523945358235566,0.5886061395964273,0.01864286580969654,0.9239312157656829,0.9709959465850271
1.6467169626310298,1,0.3446610645240712,0.3884209959722237,0.17102106270162376,0.6058209292428236,0.5353314566294003,0.40446762266233716,0.4423004170744075,0.4140887165930299
2.245833534073759,0,0.6101534151353275,0.5289417231395652,0.9734010431437721,0.08448240313535826,0.18892755041305642,0.41308263388621114,0.9900755596738607,0.09864176433013572
2.2388176159310222,1,0.897411314265886,0.857538163624324,0.9920748359199792,0.7230014913286686,0.03255636574914689,0.7451154440203288,0.28918069042279104,0.1672930442172088
0.35997975596392484,0,0.19649102119954254,0.20972769564549854,0.07502395701006281,0.34443143428093426,0.6270527445377773,0.8768708565233765,0.6408088774328808,0.973127330630376
0.588427462493486,0,0.5887462976481527,0.5738926663798642,0.16172200186138497,0.9860633308983435,0.7913342369253821,0.567248417588087,0.195199343454165,0.755382922598445
3.302275873980916,1,0.7202164598813523,0.6733813406931146,0.3703498199520123,0.9764128614342168,0.17881260601653615,0.9367986893144795,0.25493570064653004,0.6603046906111414
3.2409889408312504,1,0.6627912549635437,0.6041143749388775,0.7412490000560068,0.4669797498217483,0.04829071188985323,0.45090230004844656,0.6653225996193359,0.4339374200170302
2.9299654859468376,1,0.5482082993410133,0.5466089071477024,0.3201540145637395,0.7730637997316653,0.21821336118402612,0.9198731023602211,0.8517955653095324,0.28964363683802374
2.6295695709268845,1,0.6038232085919184,0.610284247465605,0.2695761015781998,0.95099239335301,0.6407505061572686,0.42316226222716047,0.8536932641470403,0.7669134721241709
1.9148592198496515,1,0.3971480426302809,0.4610381500205418,0.08531341837339201,0.8367628816676916,0.17757548781269772,0.8999996932071864,0.8840904913225842,0.008130989001306155
1.268547215167918,0,0.6460507633143489,0.5443100895203283,0.8489970338025356,0.23962314523812112,0.5699076234287946,0.6700983492290722,0.9562241313963016,0.7800204522198214
2.157672993984599,1,0.7786433707432883,0.6597253963310896,0.8337779654893838,0.4856728271727956,0.7118253432756783,0.5080319135928687,0.09966160303649929,0.602954196020877
2.309745935476481,1,0.6320730946238405,0.600673144182863,0.27714131014373744,0.9242049782219885,0.9937032080930905,0.9634470797147678,0.9004672282773988,0.022826106475904773
-0.542104285865455,1,0.44196873468494985,0.37303636263281903,0.6471009633696759,0.09897176189596213,0.8768418266051863,0.41432377008044263,0.284395312436701,0.665993479917103
2.787766420298043,1,0.8593895018429737,0.80663513346546,0.7481693419655444,0.8651009249653756,0.34791886861856136,0.586136802702136,0.2245689394254471,0.8600660860733571
2.6558851279117714,1,0.6565300847228863,0.5869690283727156,0.4891084748436101,0.6848295819018212,0.6450520359440844,0.6861778599223182,0.3466559474457158,0.7262650153831491
0.7215911326104811,0,0.4419172617433845,0.4679553528115829,0.1947838964553602,0.7411268091678056,0.3420311895031254,0.5841773475029922,0.41708736857578343,0.5822442810829143
4.358062744219765,1,0.8489161567523561,0.7832161839668741,0.612197111732496,0.954235256201252,0.9734114956165983,0.6049169319078516,0.1491052779569778,0.7529066102355387
1.334008758915319,1,0.72609417121804,0.675203078438849,0.6568262413003567,0.6935799155773411,0.06968169172393035,0.1623947194376707,0.08903821438615467,0.433281524103021
2.057968014909194,0,0.16072996926442215,0.1623625737942901,0.09252494691277624,0.23220020067580394,0.1825322171756888,0.9547080270863036,0.3886232947193937,0.4967874839373937
1.3369229617284506,1,0.7594387266904475,0.6912307636974964,0.40317374021559527,0.9792877871793976,0.3519327767644872,0.9970735444068066,0.0006650147626428016,0.6693056053170673
3.5277899764196765,0,0.8067191363775768,0.7336820242507543,0.8487615337901753,0.6186025147113334,0.5942459439953404,0.15806251539291827,0.5703112978999423,0.990201741746038
0.6499775277222826,1,0.8967679698168881,0.8746286118528819,0.8543226940864569,0.894934529619307,0.09898790961346604,0.7681306604707895,0.30171856534101094,0.2763122926451602
2.2368112438571828,0,0.45095404789895954,0.43402751078017,0.5418202946668955,0.32623472689344446,0.11343756426780027,0.47079968793557614,0.31787993969040107,0.11826656402277358
1.1324039697402717,1,0.9204521838595394,0.8961945157950342,0.9804732469658136,0.8119157846242547,0.9570794026695985,0.586843348527793,0.4741916806294625,0.4503144446527062
1.548361088716116,1,0.7860778138341977,0.7460283857978924,0.5429473388205466,0.9491094327752384,0.29460981023831856,0.46363809711845605,0.2810261369346747,0.5323002218083152
2.8448054551854947,1,0.8388362283871803,0.7337531627266665,0.8852637223467177,0.5822426031066154,0.35807699163421725,0.9781590231554634,0.18315154853679771,0.03452277477967336
1.2392870385465833,0,0.120348757420091,0.11137711832195268,0.009495186709697956,0.2132590499342074,0.9693316483595361,0.5462599056017826,0.8176263717054697,0.5734773270466959
2.395845506682594,1,0.7636337055990652,0.6568755056242979,0.9306918217703612,0.3830591894782345,0.2201593752570743,0.3720367622359343,0.21338431924336032,0.6164679814309535
1.8214003873320705,0,0.18560467489834032,0.2214639932910374,0.043288805934092456,0.3996391806479823,0.44869002144470016,0.35291031362123937,0.12913861046295083,0.4643374305888778
0.344888169822426,0,0.2228499968134514,0.28012559500934725,0.08260313592358881,0.4776480540951057,0.8124860598931791,0.17365807113852405,0.5430432747065415,0.19770693559023933
-0.11675230286904914,1,0.5438023441293857,0.4993677327437541,0.7593112474822321,0.23942421800527613,0.3792639201395238,0.02980645818737615,0.6540749433489892,0.7002273232993299
1.3821857869177994,0,0.41704302467884313,0.42989221570157043,0.15285324341706263,0.7069311879860782,0.7012858119534874,0.9586347404626113,0.6440048395484052,0.29884730784851643
2.3975611341336416,1,0.8000943240624283,0.6656891317157696,0.9454217683762548,0.3859564950552843,0.6334015733827213,0.6331379917130548,0.19263711665513072,0.8719092279151448
1.5382519836466397,1,0.8518023323043529,0.7694244226939652,0.9807141951052032,0.5581346502827271,0.8915045541698667,0.34898453075789904,0.6717277419339072,0.35916663199646004
2.5432200477994886,1,0.3985495374188966,0.41190617809853647,0.20058824546454734,0.6232241107325256,0.3439905790647392,0.8064168468678091,0.28136324451192174,0.4249091468186553
4.551470195713094,1,0.5669088006183532,0.49357620929566653,0.6171418859328665,0.3700105326584666,0.43956880330152215,0.819650161441855,0.6420867983399733,0.9319400403200131
2.036248589178148,0,0.21203118031550144,0.1777958235851782,0.256532756134616,0.09905889103574039,0.9875181816860054,0.9080432631297628,0.3918880405717692,0.5774023306102669
0.6701682238271305,1,0.48921970299417417,0.4819244603184491,0.41514641032268773,0.5487025103142105,0.6135772191959019,0.03715904268742054,0.021400795770866732,0.03786220068652957
1.9879902496047752,0,0.18747977120773687,0.1805794285880512,0.1649243845741728,0.1962344726019296,0.3366277728129009,0.816819246827486,0.1777726087245709,0.7519538738923873
2.480744136167452,1,0.7731564600362939,0.7357322222345211,0.5563680751043087,0.9150963693647334,0.5584434361476799,0.6843643607140993,0.973743313996231,0.26507493367453505
1.650649112527648,0,0.6384112651227474,0.6098528338863392,0.43039474589005156,0.7893109218826266,0.44581871480088253,0.6051988746794322,0.5979422761295063,0.09065608355937227
0.7269975109146409,1,0.8754634627208617,0.8535659903322348,0.7492410798268212,0.9578909008376483,0.383002693614777,0.520210385390256,0.4713915097634461,0.48341862669264435
0.9197491696066169,1,0.7323399008524069,0.6085234770401728,0.9975574289935029,0.21948952508684272,0.07707323679217559,0.7105156346588831,0.43971655851460356,0.34365854846930044
-0.15857332370091726,0,0.35084099221780535,0.32849430861078965,0.4246020254165922,0.2323865918049871,0.7103948255147029,0.6250978360784998,0.35477312234312874,0.3969128426257935
-0.22670721218583512,0,0.17031530235953726,0.22937715607543907,0.19185349584184386,0.2669008163090343,0.060067327897345923,0.22810769636322092,0.8253767776092974,0.06927759453184623
-1.4451197309398385,0,0.531277158744039,0.4729826827758647,0.7902667542939925,0.15569861125773687,0.16685945457273232,0.27504773970081164,0.4174072786131272,0.2842732669360567
1.427376635190249,1,0.767255041352903,0.672223783120292,0.988284375524068,0.3561631907165159,0.38925383266367264,0.3145930629296757,0.8314635100503179,0.7046254664834135
0.6589178142602301,0,0.4872070937380257,0.5100203342913081,0.21530941329233966,0.8047312552902767,0.1985292043547502,0.9466238875202838,0.796297363896041,0.13507249480806682
0.07832860296730693,0,0.17890444537883063,0.1764845251130534,0.20876505249652688,0.14420399772957992,0.3788783350960625,0.548801713113297,0.2891140839778714,0.9454325405971443
-1.2225623636702425,0,0.18035861374705445,0.21874868304488382,0.1130014560622632,0.32449591002750444,0.3638177603062078,0.1652359410234423,0.12182760990933084,0.20395857763781877
1.6479460127480046,0,0.244004624479872,0.2942427254285147,0.18644465024477996,0.40204080061224945,0.4601830060019164,0.1501586037287702,0.5213606887546132,0.9531842340028797
1.0870977812457265,1,0.715953700787084,0.6514198360188119,0.7494257625809909,0.5534139094566329,0.3690494804400679,0.05002068756758771,0.1823821026046103,0.017755505603283095
3.3391627458483906,0,0.8969467132085137,0.8339681166562087,0.998755254410926,0.6691809789014914,0.24297171372313042,0.9805386693844121,0.4975113175944318,0.8735148962435273
1.6072957513526047,1,0.663628820382061,0.6706450940721735,0.3447987534368441,0.9964914347075031,0.3782891121087357,0.04227096153039689,0.3117153832069397,0.14344788164417654
3.0779402052140696,1,0.8185052706302836,0.6989678737577367,0.9918358654741106,0.4060998820413628,0.9593674874553724,0.45518807892910995,0.6149548937366606,0.7818609077954234
2.4212271077279524,1,0.6444681136062944,0.6327838601777309,0.4850832374374149,0.7804844829180471,0.1190344098471785,0.5440557072118986,0.8258171175487183,0.04750766827466946
1.3705931739637973,1,0.6519779528231829,0.5873949833575398,0.544576794055459,0.6302131726596207,0.6370751697160973,0.3665613622758519,0.1496434464024201,0.3872339430154337
2.9377947203770916,0,0.21121597340406295,0.2315440990675136,0.10352545467129914,0.3595627434637281,0.7817954467343958,0.6928099200969017,0.7160583544083818,0.9989931870357698
0.7235819440262502,1,0.294618947069561,0.3233561676232421,0.4023633733308465,0.2443489619156377,0.3517774513215156,0.46721367818001536,0.8235691409439012,0.006619380382115292
3.156250470825819,1,0.4661468193693936,0.4794441277554593,0.2616541860180286,0.69723406949289,0.9270194817040509,0.3954644525470794,0.754912663556554,0.5207124800663252
0.6806984797989677,0,0.6251042986779581,0.6023489258844432,0.28929129681402765,0.9154065549548588,0.059995625668226804,0.6547029114113152,0.009639656681474595,0.759463757238106
2.2477414429336484,0,0.15309709577507696,0.15409143619330395,0.175180255760634,0.1330026166259739,0.4593629178078329,0.8284053610191997,0.8145588203014471,0.07289446749480888
3.1714456056302476,1,0.6776699851565269,0.6523015187409915,0.38933686205371576,0.9152661754282674,0.12050120538244258,0.5553030335756686,0.16787194798708482,0.1568994990600514
2.3734808734545028,1,0.5322667686559969,0.4399324222935919,0.6802267135951329,0.19963813099205097,0.16167683829549095,0.9612580591700939,0.14268644999555613,0.5244150276449189
1.7465982979527936,0,0.19903985099319824,0.20163434162938043,0.16304092729913122,0.24022775595962964,0.6231067742992799,0.9646593079317599,0.7918545554967179,0.8044505251408933
0.9481744497081055,0,0.3998324790473053,0.3724056407730886,0.6071472153000569,0.13766406624612026,0.8058722591485263,0.4303817185941875,0.8732971477093444,0.30823970976021375
1.1752658515881726,0,0.3208149233162738,0.36489682645449767,0.12054658038702804,0.6092470725219673,0.3528915942207669,0.6962432623614997,0.4491810821060713,0.40606904533997645
2.5471292608147142,0,0.4921963892257293,0.4121763935491809,0.7940392413962905,0.030313545702071343,0.37301951346263607,0.8074097564744616,0.7111721671302249,0.26932139299767466
-0.6231203726880454,0,0.2529415985511179,0.25199087428772504,0.24544337875709443,0.25853836981835565,0.8420678935327865,0.8209899589973882,0.7645842851641832,0.8935817615323973
-0.02936404065982734,0,0.3178603713209804,0.4249729916458958,0.06413977861425413,0.7858062046775375,0.0022291623184791387,0.15084686096550481,0.588831859336454,0.16118918846923458
2.770874173483534,1,0.4044061790149776,0.3795155893044315,0.2629565976191368,0.49607458098972623,0.9626366745324644,0.8122459341317125,0.3563932088458688,0.8522401002612968
1.0109770928273758,1,0.7468993549905291,0.6212778037187641,0.9616527417013049,0.28090286573622336,0.5904349281046453,0.3130211260542404,0.33719581648024144,0.9784538545235109
0.15407508507691803,0,0.10045230275657899,0.07343800566724201,0.02751665627808253,0.1193593550564015,0.9352565256599307,0.09997439224922966,0.3555063451134076,0.43761213237806684
3.0754341323805563,1,0.5333243896647479,0.5786384227632683,0.26667339610174035,0.8906034494247962,0.39182920407980537,0.03125938752375923,0.8205762439904422,0.8051431900570646
2.830700490674196,0,0.12232909382494891,0.10465128208321944,0.011088108839203747,0.19821445532723514,0.8344328113895351,0.7591672954197612,0.8093724223856339,0.8856036728203684
3.042045212290913,1,0.7890661900680321,0.7191991287883884,0.4691175494127743,0.9692807081640026,0.8296489394713998,0.8555380963829837,0.15566271223851635,0.038246921783657406
1.8859866956457627,0,0.647010508995454,0.5904718165161428,0.6012471782893861,0.5796964547428994,0.16260964094411146,0.7797325043236952,0.6591560670443544,0.32406155705813766
3.1080367165115987,0,0.37326700063831386,0.36016322882832896,0.6584746259409774,0.06185183171568054,0.20107627157036234,0.32917462268336684,0.7236386926313118,0.5894887524206942
2.9187726930674587,1,0.5990512177618846,0.5764491028244799,0.4319527499691128,0.720945455679847,0.8555211044526793,0.3745070222725181,0.7734195815856991,0.13933999054508794
-0.3636342618737557,0,0.27800984057385136,0.29440304236546805,0.2778953901974921,0.310910694533444,0.8645748569840238,0.28023653566847795,0.29888132691019886,0.07140178163426458
3.2709128191392454,0,0.7808100550854737,0.6543473220107365,0.9840769580293179,0.3246176859921551,0.812043588687371,0.5522257533169236,0.7925944386977967,0.9965207516671301
-0.2738489411749363,0,0.5839017359765634,0.48736844007678237,0.9670139164558631,0.007722963697701646,0.5930873593345456,0.01220452550977602,0.5508488921647694,0.7352283378601677
1.7431384853548701,1,0.8566206264192354,0.8064743351774768,0.7667929104322738,0.8461557599226798,0.6348631848371049,0.7171198661575398,0.6501289604662333,0.03206415371611937
0.7903715645482902,0,0.4171491831291385,0.4452974242433191,0.19663309584153021,0.693961752645108,0.536564927593164,0.28205750947355523,0.22878603731964697,0.7470598232840641
0.9779558448949485,0,0.5001148812800684,0.5494538206082067,0.13102845677136377,0.9678791844450496,0.024180470549047817,0.6993334144331111,0.6090767376012194,0.08142946131593909
0.20248242938575634,1,0.8893433710479498,0.8711646540098259,0.8736057328126826,0.8687235752069692,0.2678368750926453,0.22377533540279648,0.11895647966558476,0.25472547131197987
-0.0746744339489458,1,0.640806873540576,0.5078845515453918,0.9355127013024368,0.08025640178834681,0.10872873373729264,0.6868700648889622,0.04156551705411804,0.5208024395351984
1.2558692600645256,0,0.13093041045418755,0.18070745282941686,0.054916311476339574,0.30649859418249414,0.1319477676472942,0.23032352041885262,0.9173438325606422,0.5418879360568141
1.8030843351291028,1,0.8371706250233509,0.7364693119839398,0.9294538382659706,0.5434847857019092,0.4079411565799522,0.535065697918032,0.0011366336649878406,0.26982669478997
1.1737941499651927,1,0.2925955264708055,0.2605148249579255,0.4395240212106829,0.08150562870516809,0.9481792634745259,0.7878706633808914,0.7321830145423457,0.7493087456404934
-1.3449041823989423,0,0.4149415951312259,0.5339158166387428,0.07648360599880166,0.991348027278684,0.019799540810221172,0.08211885561228982,0.9699158632221101,0.07030345338095245
1.8188966106041038,0,0.1770046168648478,0.24207029377599942,0.05826984071452068,0.42587074683747816,0.019488032404396338,0.3267197553021165,0.5447356321428649,0.4729206424326018
2.8421411937180476,1,0.6590012714133093,0.5051383622376113,0.9592617579527215,0.05101496652250104,0.36111881133779467,0.9270734264734709,0.258925757425027,0.6291160098699549
2.55267570761134,1,0.8730354330814808,0.7943619856977363,0.921045898103743,0.6676780732917296,0.5106877209803802,0.6984967949444753,0.3647829492259387,0.9841855946637641
0.49305731905474093,1,0.4675916191877938,0.5060336927279572,0.32280097612153225,0.6892664093343822,0.10605093142613686,0.06721569390304205,0.3900721053041257,0.6131531095202215
4.659183109417983,1,0.6854065664399346,0.6524926251499443,0.5170662929193742,0.7879189573805145,0.044434492207993226,0.6389950033011375,0.6889732517718006,0.6467537871765042
3.395599855112269,1,0.7350050478104709,0.6692615147942589,0.7760112040261692,0.5625118255623486,0.49773182821212636,0.31839739152683266,0.9693384448006357,0.9182057854013794
0.3843488716349832,1,0.7424921995050895,0.6302641849113304,0.633937344344859,0.6265910254778017,0.5070450247143657,0.9836527781944294,0.08066756742037307,0.6683547637137025
1.8441771482333376,1,0.8334430759886421,0.8009634330558437,0.7143535341874581,0.8875733319242295,0.10850845568353862,0.516193405381302,0.5485054994354199,0.4099520075201871
0.6588479035378363,0,0.44995714840227247,0.36154967642342034,0.6515231679905116,0.0715761848563291,0.8472491425605971,0.6424655915275952,0.1464968755011694,0.7029463102398104
2.3125528834307967,1,0.8679413899935701,0.7804120615790325,0.9896906440440675,0.5711334791139976,0.33827651262272784,0.8939843459799726,0.4031726461342622,0.11166666595665153
1.8284897923895636,0,0.5658681367880009,0.5658851454762686,0.42384882907979904,0.707921461872738,0.451787105772834,0.2659370289707911,0.751652984875943,0.4740518365159049
0.7080543161590265,1,0.7086209801187215,0.6646614614743727,0.4805893022117592,0.8487336207369862,0.6231438945631529,0.39934360261102353,0.5371963582945783,0.807578811862743
-0.0374192499345265,1,0.1340370972677171,0.08338040076883957,0.15457907122756476,0.01218173031011438,0.4247166070089722,0.9672584628796393,0.191576210447315,0.8187048481758896
1.4061413408034085,1,0.47046650809349927,0.4976665563719295,0.19550891644389956,0.7998241962999595,0.9001406433547525,0.2690677657997367,0.7237195533419293,0.8428012503564856
0.029627467648390082,1,0.29296595422345123,0.29624233336290995,0.5043864053361488,0.08809826138967114,0.20057177244131452,0.6668029579252714,0.8068871326792854,0.2041442242451731
2.043983066628278,1,0.8636391526263556,0.8106059391192139,0.7009253349238695,0.9202865433145582,0.3220844605095107,0.9134959110906277,0.28021627148592243,0.5629424367495199
1.2406930350111316,1,0.8423712515251488,0.7545369108362232,0.8069748783143174,0.702098943358129,0.6946223284886002,0.910477409291258,0.6236027104054742,0.599635630866926
-0.03410372860499633,0,0.35385440160499243,0.40748458491143186,0.18041470682378113,0.6345544629990826,0.18243726083025458,0.2816242815793478,0.1421877391961618,0.15424225780495282
4.39656334607794,1,0.3928033694874265,0.38385493731653275,0.6167907908944695,0.15091908373859597,0.02567223497133797,0.6106681448680448,0.9274714322842778,0.6638200342668719
1.7832326974178703,1,0.8041130737647331,0.7814567463459445,0.6613249860418873,0.9015885066500019,0.6583118763411655,0.14305392375317183,0.8389726262554716,0.08274609668430355
2.1202535082499407,1,0.7382601364621146,0.6682888912098367,0.6935249616462106,0.6430528207734628,0.978023504275194,0.15886372924966008,0.5932892800724665,0.2895689108459941
2.611376500816441,1,0.4066857037615004,0.3662469877768437,0.6484185986993759,0.08407537685431155,0.10818768231846143,0.9365308342953059,0.8372575365204065,0.6106002745325364
2.738282100985357,1,0.49696303437847367,0.45996879378318967,0.44641569541912884,0.4735218921472505,0.43103217173721087,0.8931264620246221,0.5479771510660911,0.38571500959297644
1.0832051287950426,1,0.6303588531512353,0.530652910795385,0.841144359852989,0.22016146173778106,0.2703118329691717,0.7564566744469914,0.7522396934974874,0.7007164595560532
1.33855140613155,0,0.39733806754782464,0.37713476894956005,0.5814565068999797,0.17281303099914036,0.1143771173878615,0.8490785667933373,0.8761154038534248,0.4607686724186765
-0.6274027431317486,0,0.49163364687374544,0.419597927008211,0.653257665176373,0.1859381888400491,0.35748579359703014,0.5726824768679302,0.022357729190135345,0.4089340835951656
1.9084417913373821,1,0.5483827135551244,0.5007982998635563,0.3410009552697246,0.660595644457388,0.7214077168987376,0.9406475077483383,0.40008061388907046,0.5035771468712138
0.704906784435554,0,0.22988730340481087,0.23745193140089293,0.3622760070948685,0.11262785570691736,0.8288758939923692,0.200189390006269,0.5488939181940359,0.3840412658881871
1.113776354554124,1,0.5872052750755843,0.5185248509862974,0.7666871945238245,0.27036250744877044,0.7964137096008662,0.1683057675431756,0.7618490539211736,0.502063077662637
-0.7389656646497746,0,0.5105761379840472,0.5383806467285495,0.11143334962670548,0.9653279438303936,0.3411855069591886,0.3420919855519654,0.09992761807405526,0.9552155274824087
0.24073423326044108,0,0.2593265829474333,0.28981078346821726,0.28674763283584914,0.2928739341005854,0.9568583710991836,0.2085873216569234,0.8250575608717787,0.44744072307256577
1.6521496599785315,1,0.6366689127386422,0.6369994222637265,0.28872354996459915,0.9852752945628539,0.7073700777938347,0.5143367462796952,0.9789417592515205,0.559940162242739
4.896284890124029,1,0.7058673509395869,0.6250737399708011,0.7404907127804156,0.5096567671611865,0.03848402391918049,0.8700901806386614,0.7918196093962142,0.8203133292482038
0.6948829384157935,1,0.5787007730126819,0.572814581393456,0.6668425186393868,0.47878664414752525,0.03587167934065283,0.11491616232663138,0.9916941395590397,0.34022181440221655
0.027999664348912434,0,0.2023117234478718,0.21372450672578563,0.11474900010700306,0.3127000133445682,0.8351371830104607,0.6755840666508883,0.3691109270898726,0.01578045298380415
2.0154746269891426,1,0.6239610335729405,0.5871425020427903,0.5126348630557424,0.6616501410298383,0.5963485233085344,0.32281146162777985,0.4946656052565962,0.17343874916567492
0.464895641703134,1,0.7623319918707706,0.73511525616192,0.5848816445178585,0.8853488678059814,0.4419610399422119,0.0963914971981511,0.6079529550581575,0.748278655649416
1.7414739459681619,1,0.8352860557935123,0.7447558425158882,0.9794365585266495,0.5100751265051271,0.007748558009156636,0.8102108434203004,0.4490065191042677,0.20181983886094945
2.4903841492094534,1,0.5351338863031541,0.4982073808312003,0.6843188032966865,0.31209595836571413,0.15880991419219825,0.06780937622057026,0.25315623735140713,0.40464483375576876
4.061589218478458,1,0.5926157108905075,0.555882773166601,0.49991640717321706,0.6118491391599848,0.6586585547213956,0.33447786213896136,0.48972095334894594,0.30071614370927024
1.2452558800058222,1,0.62414468913202,0.5853843095314512,0.45333967632154404,0.7174289427413583,0.6065069759130356,0.2943070298715186,0.22063899832133982,0.343264630833221
-0.7016862480867552,0,0.7768353477027906,0.7271981738463478,0.4770289017571877,0.9773674459355078,0.34118661321676913,0.6702711994079654,0.155248590207837,0.49181829031997903
4.6228192891501365,1,0.9359175897977074,0.9310473168839691,0.9933099677460819,0.8687846660218563,0.9557929500752756,0.9305522170598511,0.6298949292883783,0.49888257866740693
1.2819180371496466,0,0.08844196036869545,0.057173389525764895,0.04255295345204835,0.07179382559948144,0.9109583638746673,0.07929150529142848,0.7829605435740808,0.6856532001524057
0.39193382276405253,1,0.7493109251605865,0.6345355874563785,0.8029520536457471,0.46611912126700994,0.7566395357726575,0.47233008698310974,0.24751925402563135,0.7173042457714605
0.6310530178430301,0,0.8467610514061122,0.80448880893312,0.8519641116798641,0.757013506186376,0.41563011675226746,0.3390977907858972,0.7081525098845729,0.3102346897338635
-2.1644364000558847,0,0.432979938289635,0.40163828254179923,0.6493606619660912,0.15391590311750725,0.3303811343216243,0.09023795517126032,0.05332914147274026,0.1406226815829793
2.0290795545360605,1,0.855158709862262,0.820530413097433,0.68223157348064,0.958829252714226,0.2611631637103401,0.715102518909221,0.40626271444314055,0.2852709007978439
